{"initial_reset_timestamp": 1553491128.9704506, "timestamps": [1553491129.45856], "episode_lengths": [11], "episode_rewards": [11.0], "episode_types": ["t"]}