{"initial_reset_timestamp": 1553490469.810323, "timestamps": [1553490470.6929686], "episode_lengths": [11], "episode_rewards": [11.0], "episode_types": ["t"]}