{"initial_reset_timestamp": 1553490919.2526278, "timestamps": [1553490920.2521048], "episode_lengths": [17], "episode_rewards": [17.0], "episode_types": ["t"]}