{"initial_reset_timestamp": 1553489631.6683512, "timestamps": [1553489632.5641003], "episode_lengths": [11], "episode_rewards": [11.0], "episode_types": ["t"]}