{"initial_reset_timestamp": 1553489934.8108234, "timestamps": [1553489935.0902905], "episode_lengths": [10], "episode_rewards": [10.0], "episode_types": ["t"]}