{"initial_reset_timestamp": 1553488742.4205372, "timestamps": [1553488743.3832767], "episode_lengths": [16], "episode_rewards": [16.0], "episode_types": ["t"]}