{"initial_reset_timestamp": 1553489890.610209, "timestamps": [1553489891.706884], "episode_lengths": [24], "episode_rewards": [24.0], "episode_types": ["t"]}