{"initial_reset_timestamp": 1553489100.3197882, "timestamps": [1553489101.4751735], "episode_lengths": [27], "episode_rewards": [27.0], "episode_types": ["t"]}