{"initial_reset_timestamp": 1553490518.539705, "timestamps": [1553490522.0253322], "episode_lengths": [200], "episode_rewards": [200.0], "episode_types": ["t"]}