{"initial_reset_timestamp": 1553489309.589584, "timestamps": [1553489310.486702], "episode_lengths": [12], "episode_rewards": [12.0], "episode_types": ["t"]}