{"initial_reset_timestamp": 1553489425.0916495, "timestamps": [1553489426.2014318], "episode_lengths": [25], "episode_rewards": [25.0], "episode_types": ["t"]}