{"initial_reset_timestamp": 1553489210.5337322, "timestamps": [1553489211.4049604], "episode_lengths": [9], "episode_rewards": [9.0], "episode_types": ["t"]}