{"initial_reset_timestamp": 1553490965.2484524, "timestamps": [1553490968.6985903], "episode_lengths": [200], "episode_rewards": [200.0], "episode_types": ["t"]}