{"initial_reset_timestamp": 1553489187.5639763, "timestamps": [1553489188.4574268], "episode_lengths": [12], "episode_rewards": [12.0], "episode_types": ["t"]}