{"initial_reset_timestamp": 1553489468.8390143, "timestamps": [1553489469.1014357], "episode_lengths": [8], "episode_rewards": [8.0], "episode_types": ["t"]}